,,End of,End of,End of,End of,End of
,,2008,2009,2010,October 2011,Composition Ratio
Level1,Level2,,,,,
Total,Outstanding Credit Guarantee Balance,12824,17282,18887,20041,100.0
Institution,Credit Guarantee Fund,6211,8070,8334,8735,43.6
Institution,Technology Credit Guarantee Fund,2765,3569,3736,3723,18.6
Institution,Gangwon Credit Guarantee Foundation,3848,5643,6817,7583,37.8
Guarantee Type,Loan Guarantee,12234,16492,18204,19345,96.5
Guarantee Type,Deposit Bank,9048,11279,12034,12724,63.5
Guarantee Type,Non-Banking Institution,3186,5214,6170,6621,33.0
Guarantee Type,Bill Guarantee,368,424,384,364,1.8
Guarantee Type,Others / Miscellaneous,222,366,298,332,1.7
Industry,Manufacturing,4338,5473,5679,5829,29.1
Industry,Construction,1766,2260,2312,2363,11.8
Industry,Wholesale and Retail Trade,3904,5362,5906,6283,31.4
Industry,Food and Accommodation Services,877,1401,1617,1875,9.4
Industry,Others / Miscellaneous,1939,2786,3374,3691,18.4
